station_id,name,lat,lon,altitude,address,post_code,capacity
1,"GRAN VIA CORTS CATALANES, 760",41.3979779,2.1801069,16.0,"GRAN VIA CORTS CATALANES, 760",8013,45
2,"C/ ROGER DE FLOR, 126",41.3954877,2.1771985,17.0,"C/ ROGER DE FLOR, 126",8013,29
3,"C/ NÀPOLS, 82",41.3941557,2.1813305,11.0,"C/ NÀPOLS, 82",8013,27
4,"C/ RIBES, 13",41.3933173,2.1812483,8.0,"C/ RIBES, 13",8013,21
5,"PG. LLUIS COMPANYS, 11 (ARC TRIOMF)",41.3911035,2.1801763,7.0,"PG. LLUIS COMPANYS, 11 (ARC TRIOMF)",8018,39
6,"PG. LLUIS COMPANYS, 18 (ARC TRIOMF)",41.3914292,2.1805685,10.0,"PG. LLUIS COMPANYS, 18  (ARC TRIOMF)",8018,39
7,"PG. PUJADES,  1 (JUTJATS)",41.388885,2.18329,6.0,"PG. PUJADES,  1 (JUTJATS)",8003,27
8,"PG. PUJADES, 2",41.389135,2.183489,6.0,"PG. PUJADES, 2",8003,27
9,"AV. MARQUÉS DE L'ARGENTERA,13",41.384546,2.184922,5.0,"AV. MARQUÉS DE L'ARGENTERA,13",8003,27
10,"C/ 60, NÚMERO 25",41.3467746,2.1436235,4.0,"C/ 60, NÚMERO 25",8040,43
11,"PG. MARITIM, 11 (DAVANT PL. BRUGADA)",41.3812425,2.1933482,7.0,"PG. MARITIM, 11 (DAVANT PL. BRUGADA)",8003,35
12,"PG. MARITIM, 23 (HOSPITAL DEL MAR)",41.3833653,2.1946255,7.0,"PG. MARITIM, 23 (HOSPITAL DEL MAR)",8003,26
13,"C/ MARINA, 25-33",41.388143,2.195551,7.0,"C/ MARINA, 25-33",8005,54
14,"AV. MARQUÉS DE  L'ARGENTERA, 15",41.384844,2.185085,5.0,"AV. MARQUÉS DE  L'ARGENTERA, 15",8003,27
15,"C/ DIPUTACIÓ, 272",41.39161170092347,2.1689031978751205,25.0,"C/ DIPUTACIÓ, 272",8009,27
17,"AV. MERIDIANA, 47 (D)",41.3982615,2.1866517,14.0,"AV. MERIDIANA, 47 (D)",8013,42
18,"C/ ROSSELLÓ, 453",41.4060589,2.1740472,38.0,"C/ ROSSELLÓ, 453",8025,27
19,"C/ ROSSELLÓ, 354",41.4031491,2.1707947,40.0,"C/ ROSSELLÓ, 354",8025,30
20,"C/ CARTAGENA, 308",41.410314,2.1757334,46.0,"C/ CARTAGENA, 308",8025,18
21,"C/ SANT ANTONI MARIA CLARET, 214",41.4108439,2.1740575,52.0,"C/ SANT ANTONI MARIA CLARET, 214",8025,21
22,"C/ SARDENYA, 292",41.4016969,2.175767,28.0,"C/ SARDENYA, 292",8013,19
23,"C/ BRUC, 45",41.3924661,2.1717397,21.0,"C/ BRUC, 45",8010,27
24,"C/ MARINA, 199",41.4005784,2.1788855,23.0,"C/ MARINA, 199",8013,39
25,"C/ BRUC, 102",41.3954041,2.1681961,29.0,"C/ BRUC, 102",8009,21
26,"C/ DOS DE MAIG, 230-232",41.4071692,2.1820722,22.0,"C/ DOS DE MAIG, 230-232",8013,18
27,"C/ PROVENÇA, 322",41.3967524,2.1646338,38.0,"C/ PROVENÇA, 322",8037,21
28,"C/ SARDENYA, 362",41.4055143,2.1706498,46.0,"C/ SARDENYA, 362",8025,23
29,"C/ PROVENÇA, 388-390",41.401061,2.169941,34.0,"C/ PROVENÇA, 388-390",8025,23
30,"C/ CASTILLEJOS, 184",41.4021805,2.1829894,13.0,"C/ CASTILLEJOS, 184",8013,29
31,PL. DEL MAR,41.3748001,2.1889045,4.0,PL. DEL MAR,8003,18
32,LA BARCELONETA (CN BARCELONETA),41.3736911,2.188928,4.0,LA BARCELONETA (CN BARCELONETA),8003,15
33,"C/ PONTEVEDRA, 58B | C/ JUDICI",41.37686,2.19067,4.0,"C/ PONTEVEDRA, 58B | C/ JUDICI",8003,21
34,"C/ SANT PERE MÉS ALT, 4",41.3871079,2.1753364,9.0,"C/ SANT PERE MÉS ALT, 4",8003,21
35,"C/ SANT RAMON DE PENYAFORT, 1",41.4134833,2.2206913,5.0,"C/ SANT RAMON DE PENYAFORT, 1",8930,54
36,"AV. DE LA CATEDRAL, 6",41.3850616,2.1766834,8.0,"AV. DE LA CATEDRAL, 6",8002,21
37,PG. DE COLOM - VIA LAIETANA,41.380624,2.1820675,4.0,PG. DE COLOM - VIA LAIETANA,8002,24
39,PL. PAU VILA (D),41.381046,2.186576,4.0,PL. PAU VILA (D),8039,44
40,"C/ DOCTOR AIGUADER, 2",41.382335,2.187093,6.0,"C/ DOCTOR AIGUADER, 2",8039,18
41,PL. POETA BOSCÀ | C/ ATLÀNTIDA,41.379326,2.189906,5.0,PL. POETA BOSCÀ | C/ ATLÀNTIDA,8003,25
42,"C/ CIUTAT DE GRANADA, 168 | AV. DIAGONAL",41.404511,2.189881,4.0,"C/ CIUTAT DE GRANADA, 168 | AV. DIAGONAL",8018,24
43,"C/ CLOT, 1",41.4063864,2.1874404,13.0,"C/ CLOT, 1",8018,27
44,"AV. MERIDIANA, 66",41.40197,2.187081,16.0,"AV. MERIDIANA, 66",8018,17
45,"C/ SARDENYA, 66",41.391466,2.189371,5.0,"C/ SARDENYA, 66",8005,27
46,"C/ VILLENA, 1",41.38860659692564,2.1921945084594707,7.0,"C/ VILLENA, 1",8005,54
47,"C/ RAMON TRIAS FARGAS, 21",41.3902194,2.1904003,5.0,"C/ RAMON TRIAS FARGAS, 21",8005,47
49,"C/ ROSA SENSAT, 20",41.3910756,2.1965766,5.0,"C/ ROSA SENSAT, 20",8005,21
50,"AV. PARAL.LEL, 54",41.3751145,2.1709386,8.0,"AV. PARAL.LEL, 54",8004,18
51,PL. VICENÇ MARTORELL,41.3842634,2.1692556,12.0,PL. VICENÇ MARTORELL,8001,20
52,"PL. SANT MIQUEL, 4",41.381708,2.177292,11.0,"PL. SANT MIQUEL, 4",8002,32
53,PL. CARLES PI I SUNYER,41.385086,2.174016,10.0,PL. CARLES PI I SUNYER,8002,21
54,"C/ SANT OLEGUER, 2",41.3775319,2.1707321,6.0,"C/ SANT OLEGUER, 2",8001,19
55,"LA RAMBLA, 80",41.3811923,2.1735007,8.0,"LA RAMBLA, 80",8002,19
56,"PORTAL DE SANTA MADRONA, 2-4",41.3770715,2.1758261,5.0,"PORTAL DE SANTA MADRONA, 2-4",8001,27
57,"LA RAMBLA, 2 (MUSEO DE CERA)",41.377187,2.176757,4.0,"LA RAMBLA, 2 (MUSEO DE CERA)",8002,25
58,PLAÇA DELS ÀNGELS (MACBA),41.38268,2.16712,11.0,PLAÇA DELS ÀNGELS (MACBA),8001,43
60,"RBLA. CATALUNYA, 47",41.3902625,2.164035,27.0,"RBLA. CATALUNYA, 47",8007,27
61,"C/ ARAGÓ, 288",41.39352,2.166797,26.0,"C/ ARAGÓ, 288",8009,20
62,"PL. CATALUNYA, 5",41.387235,2.168819,19.0,"PL. CATALUNYA, 5",8002,25
63,"PL. CATALUNYA, 7",41.386543,2.169427,19.0,"PL. CATALUNYA, 7",8002,27
64,"PL. CATALUNYA, 10-11 (LA RAMBLA)",41.387493,2.1690686,21.0,"PL. CATALUNYA, 10-11 (LA RAMBLA)",8002,21
65,"PL. CATALUNYA, 10-11 (PG. DE GRÀCIA)",41.387696,2.1696543,20.0,"PL. CATALUNYA, 10-11 (PG. DE GRÀCIA)",8002,21
66,"GRAN VIA DE LES CORTS CATALANES, 609",41.3893222,2.1678388,23.0,"GRAN VIA DE LES CORTS CATALANES, 609",8007,16
67,"C/ ROCAFORT, 214 | C/ ROSSELLÓ",41.3852864,2.1454802,37.0,"C/ ROCAFORT, 214 | C/ ROSSELLÓ",8029,24
68,"RAMBLA CATALUNYA, 133 /  CÒRSEGA",41.3953894,2.1572953,44.0,"RAMBLA CATALUNYA, 133 /  CÒRSEGA",8008,27
69,"CARRER DE LA MARINA,25-33",41.388507,2.195073,7.0,"CARRER DE LA MARINA,25-33",8005,43
70,"C/ COMTE URGELL, 23",41.380393,2.1606506,15.0,"C/ COMTE URGELL, 23",8011,27
71,"C/ FLORIDABLANCA, 145",41.3819459,2.1629146,16.0,"C/ FLORIDABLANCA, 145",8011,21
72,"UAB - C/ PROVENÇA, 215",41.3927771,2.1586273,37.0,"UAB - C/ PROVENÇA, 215",8008,27
73,"C/ ENRIC GRANADOS, 93",41.392135,2.1563542,39.0,"C/ ENRIC GRANADOS, 93",8008,26
74,"AV. JOSEP TARRADELLAS, 133",41.3900085,2.1432105,47.0,"AV. JOSEP TARRADELLAS, 133",8029,15
75,"AV. JOSEP TARRADELLAS, 58",41.385004,2.1429115,40.0,"AV. JOSEP TARRADELLAS, 58",8029,21
76,"C/ CÒRSEGA, 216",41.3917666,2.1532163,40.0,"C/ CÒRSEGA, 216",8036,32
77,"AV. FRANCESC CAMBÓ, 10",41.3855644,2.1773214,8.0,"AV. FRANCESC CAMBÓ, 10",8003,24
78,PL. UNIVERSITAT /  ARIBAU,41.3856474,2.1634306,21.0,PL. UNIVERSITAT /  ARIBAU,8011,27
79,PL.  UNIVERSITAT,41.385503,2.1634768,21.0,PL. UNIVERSITAT,8007,24
80,"C/ ENRIC  GRANADOS, 35",41.389668,2.1599078,31.0,"C/ ENRIC  GRANADOS, 35",8007,21
81,"C/ VILAMARÍ,  61",41.3790718,2.1490553,24.0,"C/ VILAMARÍ,  61",8015,21
82,"C/ CALÀBRIA, 112",41.38031805998654,2.1544371248113956,20.0,"C/ CALÀBRIA, 112",8015,40
83,"C/ CALABRIA, 158",41.3821658,2.1520645,25.0,"C/ CALABRIA, 158",8015,23
84,Westfield Glòries- C/ DEL COMTE D'URGELL 75 B,41.3830299,2.1571646,20.0,"Westfield Glòries - C/ DEL COMTE D'URGELL, 75 B",8011,27
85,"AV. PARAL·LEL, 146 BIS",41.3751852,2.1592394,15.0,"AV. PARAL·LEL, 146 BIS",8015,40
86,"C/ VILADOMAT,  2",41.3755747,2.1629349,12.0,"C/ VILADOMAT,  2",8015,27
87,"C/ ROCAFORT, 187",41.38322238887374,2.1479931916296557,29.0,"C/ ROCAFORT, 187",8029,25
88,"C/ LONDRES, 101-103",41.3936144,2.1507739,45.0,"C/ LONDRES, 101-103",8036,20
89,"C/ ROSSELLÓ,  101",41.3879131,2.150342,36.0,"C/ ROSSELLÓ,  101",8036,27
90,"C/ ROSSELLÓ, 108-110",41.388296,2.150878,36.0,"C/ ROSSELLÓ, 108-110",8036,17
91,"C/ COMTE D'URGELL, 43",41.3812504,2.1594741,16.0,"C/ COMTE D'URGELL, 43",8011,35
92,"C / PROVENÇA, 241",41.3938861,2.1601641,37.0,"C / PROVENÇA, 241",8008,18
94,"GRAN VIA DE LES CORTS CATALANES,375",41.3757914,2.1499102,26.0,"GRAN  VIA DE LES CORTS CATALANES, 375-385",8015,48
95,"C/ TARRAGONA, 103-115",41.3763948,2.1473272,28.0,"C/ TARRAGONA, 103-115",8014,33
96,"GRAN VIA DE LES CORTS CATALANES,  368",41.3741093,2.1481993,24.0,"GRAN VIA DE LES CORTS CATALANES, 368",8010,21
97,"C/ TARRAGONA, 141",41.3779613,2.1450491,29.0,"C/ TARRAGONA, 141",8014,21
98,"C/ VIRIAT, 43",41.3806074,2.1408633,31.0,"C/ VIRIAT, 43",8014,20
99,"C/ VIRIAT,  53",41.3808222,2.141539,30.0,"C/ VIRIAT,  53",8014,21
100,"C/ TARRAGONA,  159-173",41.379363,2.143868,29.0,"C/ TARRAGONA,  159-173",8014,22
101,"AV. DIAGONAL,  602",41.392878,2.143411,53.0,"AV. DIAGONAL, 602",8021,24
102,"AV. DIAGONAL,  612",41.392567,2.1422174,54.0,"AV. DIAGONAL,  612",8021,24
103,"C/ ARAGÓ, 629",41.410098,2.1884487,16.0,"C/ ARAGÓ, 629",8026,21
104,"C/ VALÈNCIA,  621",41.4108005,2.1872438,16.0,"C/ VALÈNCIA, 621",8026,26
105,"RDA. DE SANT PERE, 26",41.389492,2.17425,15.0,"RDA. DE SANT PERE, 26",8010,21
106,"PL  JOANIC - C / BRUNIQUER, 59",41.4055198,2.1622548,56.0,"PL  JOANIC - C / BRUNIQUER, 59",8024,19
107,"TRAV. DE GRÀCIA, 92 / VIA AUGUSTA",41.3982304,2.1531031,56.0,"TRAV. DE GRÀCIA, 92 / VIA AUGUSTA",8006,20
108,"C / INDÚSTRIA, 10",41.4022081,2.1649035,45.0,"C / INDÚSTRIA, 10",8037,21
109,"C/ LONDRES,  53",41.3912605,2.1476308,43.0,"C/ LONDRES,  53",8036,24
110,"AV. ROMA,  136",41.3852585,2.155089,25.0,"AV. ROMA,  136",8011,21
111,C/ ARAGÓN 147,41.3847528,2.1546746,21.0,C/ ARAGÓN 147,8015,19
112,"C/ FLORIDABLANCA,  49",41.3776721,2.157233,13.0,"C/ FLORIDABLANCA, 49",8015,20
113,"RONDA DE SANT PAU , 51",41.3773113,2.1646742,11.0,"RONDA DE SANT PAU, 51",8015,33
114,"PL. JEAN GENET,  1",41.376735,2.1740082,5.0,"PL. JEAN GENET,  1",8001,20
115,"AV. MARQUÉS DE L'ARGENTERA,  3",41.383597,2.184171,4.0,"AV. MARQUÉS DE L'ARGENTERA,  3",8003,21
116,"C/ DEL DR. AIGUADER, 72 / PG. SALVAT",41.3838369,2.1914756,5.0,"C/ DEL DR. AIGUADER, 72 / PG. SALVAT PAPASSEIT",8003,27
117,"C/ ROSA SENSAT, 12",41.3906051,2.1972309,5.0,"C/ ROSA SENSAT, 12",8005,21
118,"C/ PUJADES,  3",41.39212,2.1874966,6.0,"C/ PUJADES,  3",8018,27
119,"C/ SARDENYA,  178",41.3967169,2.1825085,12.0,"C/ SARDENYA,  178",8013,38
120,"C/ LEPANT,  278",41.4047056,2.1765126,28.0,"C/ LEPANT,  278",8013,21
121,"C/ CASTILLEJOS, 258",41.4064529,2.1785364,28.0,"C/ CASTILLEJOS, 258",8013,21
122,"C/ NÀPOLS, 344",41.4054458,2.1663172,54.0,"C/ NÀPOLS, 344",8025,33
123,"C/ PROVENÇA, 317",41.3988184485363,2.166735224916682,34.0,"C/ PROVENÇA, 317",8037,21
124,C/ NOVA  BOCANA,41.3702483,2.1878126,3.0,C/ NOVA  BOCANA,8039,31
125,"PG. MARíTIM, 31 B (ANNEXA A LA  12)",41.3834753,2.194735,7.0,"PG. MARíTIM, 31 B (ANNEXA A LA  12)",8003,21
126,PG. DE COLOM /VIA LAIETANA,41.380628,2.1822815,4.0,PG. DE COLOM /VIA LAIETANA,8002,23
127,"C/ ARAGÓ, 659 / NAVAS DE TOLOSA",41.4120681,2.1907524,16.0,"C/ ARAGÓ, 659 /NAVAS DE TOLOSA",8026,27
128,"RAMBLA DE GUIPÚSCOA, 43/FLUVIÀ",41.4158412,2.1959771,10.0,"RAMBLA DE GUIPÚSCOA, 43/FLUVIÀ",8020,43
129,"C/ MANSO, 46",41.377046,2.16113608,13.0,"C/ MANSO, 46",8015,23
130,"RAMBLA DE GUIPÚSCOA, 103 / CANTÀBRIA",41.4200135,2.2016699,8.0,"RAMBLA DE GUIPÚSCOA, 103 /CANTÀBRIA",8020,24
131,"RAMBLA  DE GUIPÚSCOA, 158/ CA N'OLIVA",41.4227912,2.2060317,11.0,"RAMBLA  DE GUIPÚSCOA, 158/ CA N'OLIVA",8020,29
132,PL. VALENTÍ ALMIRALL,41.4084796,2.192042,6.0,PL.VALENTÍ ALMIRALL,8018,27
133,"GRAN VIA DE LES CORTS CATALANES,  902",41.4075013,2.1930174,6.0,"GRAN VIA DE LES CORTS CATALANES, 902",8018,16
134,"C/ BAC DE RODA, 157",41.4113024,2.1987258,6.0,"C/ BAC DE RODA, 157",8018,21
135,"GRAN VIA DE LES CORTS CATALANES,  981",41.4120452,2.1972673,8.0,"GRAN VIA DE LES CORTS CATALANES,  981",8018,21
136,"GRAN VIA DE LES CORTS CATALANES,  1062",41.4139298,2.2017955,8.0,"GRAN VIA DE LES CORTS CATALANES,  1062",8020,31
137,"GRAN VIA DE LES CORTS CATALANES , 1041",41.4145805,2.2008139,7.0,"GRAN VIA DE LES CORTS CATALANES, 1041",8020,25
138,"GRAN VIA DE LES CORTS CATALANES,  1118",41.4167933,2.2058345,7.0,"GRAN VIA DE LES CORTS CATALANES, 1118",8020,20
139,"GRAN VIA DE LES CORTS CATALANES,  1131",41.4183999,2.2058133,7.0,"GRAN VIA DE LES CORTS CATALANES,  1131",8020,35
140,"C/ VILADOMAT,  122",41.3808772,2.1559939,19.0,"C/ VILADOMAT, 122",8015,27
141,"C/ BILBAO, 174",41.4090202,2.1954152,7.0,"C/ BILBAO, 174",8018,32
142,"C/ SANCHO DE ÁVILA,  104 - C/ BADAJOZ",41.4003793,2.1924144,4.0,"C/ SANCHO DE ÁVILA,  104 - C/ BADAJOZ",8018,40
143,"C/ SANCHO DE ÁVILA, 170 / LLACUNA",41.4027907,2.1956161,4.0,"C/ SANCHO DE ÁVILA, 170 / LLACUNA",8018,27
144,"Westfield Glòries-C/ CASTELLA,  28 / DIAGONAL",41.4056269,2.1977119,4.0,"Westfield Glòries- C/ CASTELLA,  28 / DIAGONAL",8018,27
145,"C/ PERE IV,  301 / FLUVIÀ",41.4093405,2.2024461,4.0,"C/ PERE IV,  301 / FLUVIÀ",8020,27
146,"C/ PERE IV, 488",41.4148983,2.207186,4.0,"C/ PERE IV, 488",8019,24
147,"RAMBLA PRIM, 79",41.416043,2.2124993,5.0,"RAMBLA PRIM, 79",8019,33
148,"RONDA SANT PAU, 79",41.3783467,2.1633139,12.0,"RONDA SANT PAU, 79",8015,27
149,"C/ PUJADES, 57B",41.3958685,2.192952,4.0,"C/ PUJADES, 57B",8019,27
150,"C/ ESPRONCEDA, 124",41.4065912,2.203028,4.0,"C/ ESPRONCEDA, 124",8005,27
151,"C/ PALLARS, 182",41.4003471,2.1969105,3.0,"C/ PALLARS, 182",8005,31
152,"C/ PUJADES, 121",41.3993329,2.1974184,3.0,"C/ PUJADES, 121",8005,31
153,"C/ PUJADES, 173/RBLA POBLE NOU",41.4018686,2.20077,3.0,"C/ PUJADES, 173/RBLA POBLE NOU",8005,23
154,"C/ PUJADES, 191",41.4026275,2.2017694,2.0,"C/ PUJADES, 191",8005,32
155,"C/ PUJADES, 311/ FLUVIÀ",41.4070139,2.2074469,4.0,"C/ PUJADES, 311/ FLUVIÀ",8019,32
156,"C/ SELVA DE MAR, 46",41.4091355,2.2088179,4.0,"C/ SELVA DE MAR, 46",8019,27
157,"C/ LLULL, 465",41.4132316,2.2177652,4.0,"C/ LLULL, 465",8019,33
158,"RAMBLA DE PRIM, 19",41.4116634,2.2183313,4.0,"RAMBLA DE PRIM, 19",8019,31
159,"AV. DIAGONAL, 26",41.4110822,2.2163136,4.0,"AV. DIAGONAL, 26",8019,36
160,"AV. D'EDUARD MARISTANY, 1 /FORUM",41.4109763,2.2193724,4.0,"AV. D'EDUARD MARISTANY, 1 /FORUM",8019,33
161,"C/ RAMON TURRÓ, 91",41.3953011,2.1965965,4.0,"C/ RAMON TURRÓ, 91",8005,27
162,"C/ RAMON TURRÓ, 292",41.4038559,2.2084257,3.0,"C/ RAMON TURRÓ, 292",8005,27
163,"AV. ICÀRIA, 202",41.3942108,2.2008756,3.0,"AV. ICÀRIA, 202",8005,27
164,"C/ INDEPENDÈNCIA, 379",41.4118378,2.1778852,46.0,"C/ INDEPENDÈNCIA, 379",8026,27
165,"C/ DEL DOCTOR TRUETA, 222",41.3992169,2.2041415,3.0,"C/ DEL DOCTOR TRUETA, 222",8005,27
166,"C/ BILBAO, 2",41.4008312,2.206645,3.0,"C/ BILBAO, 2",8005,27
167,"C/ BAC DE RODA, 11",41.4023354,2.2105777,3.0,"C/ BAC DE RODA, 11",8005,21
168,SELVA DE MAR / PG. DEL TAULAT,41.4053697,2.2135818,5.0,SELVA DE MAR / PG. DEL TAULAT,8019,27
170,"AV. LITORAL, 40 (D)",41.3896642,2.1999572,6.0,"AV. LITORAL, 40 (D)",8005,54
171,"AV. LITORAL, 172",41.3919877,2.2037136,5.0,"AV. LITORAL, 172",8005,54
173,"AV.LITORAL, 84",41.3979002,2.2088454,8.0,"AV.LITORAL, 84",8005,27
174,"PG. DE GARCIA FÀRIA, 21/ESPRONCEDA",41.400654,2.210191,6.0,"PG. DE GARCIA FÀRIA, 21/ESPRONCEDA",8005,27
175,"C/ LLULL, 309",41.4065291,2.2091221,4.0,"C/ LLULL, 309",8019,27
176,"PG. DE GARCIA FÀRIA, 37/JOSEP FERRATER",41.403216,2.2136,6.0,"PG. DE GARCIA FÀRIA, 37/JOSEP FERRATER",8019,31
177,"C/ ROSSELLÓ, 557",41.4110754,2.1809764,33.0,"C/ ROSSELLÓ, 557",8026,38
178,"PG. DE GARCIA FÀRIA, 85",41.4053649,2.2162094,7.0,"PG. DE GARCIA FÀRIA, 85",8019,27
179,"PG. ZONA FRANCA, 244",41.36352,2.1369015,9.0,"PG. ZONA FRANCA, 244",8038,16
180,"GRAN VIA DE LES CORTS CATALANES, 179 (D)",41.3675574,2.1388216,14.0,"GRAN VIA DE LES CORTS CATALANES, 179 (D)",8014,51
182,"C/ SANT PERE D´ABANTO, 2",41.371366,2.143565,18.0,"C/ SANT PERE D´ABANTO, 2",8014,33
183,"C/ GAVÀ, 1",41.3723682,2.1419494,18.0,"C/ GAVÀ, 1",8014,30
184,"C/ QUETZAL, 22-24",41.3675438,2.1342316,22.0,"C/ QUETZAL, 22-24",8014,27
185,"C/GAVÀ, 81",41.3703717,2.1389439,20.0,"C/GAVÀ, 81",8014,17
186,"C/CONSELL DE CENT, 6",41.3755503,2.1439036,27.0,"C/CONSELL DE CENT, 6",8014,26
187,"C/ DE SANT PAU, 89 - 97",41.3768806,2.1698206,5.0,"C/ DE SANT PAU, 89 - 97",8001,19
189,"C/ BRUC, 130",41.3969839,2.1661852,34.0,"C/ BRUC, 130",8037,28
190,"AV. LITORAL, 72",41.3961412,2.2078439,6.0,"AV. LITORAL, 72",8005,29
191,"C/ ENTENÇA, 137",41.381951,2.147474,15.0,"C/ ENTENÇA, 137",8015,37
192,"C/ JOAN GÜELL, 50",41.3786364,2.1335494,33.0,"C/ JOAN GÜELL, 50",8028,21
193,"C/ FÍGOLS, 1",41.3812979,2.1289917,41.0,"C/ FÍGOLS, 1",8028,27
194,"C/ JOAN GÜELL, 98",41.3812001,2.1323612,38.0,"C/ JOAN GÜELL, 98",8028,24
195,"C/ VALLESPIR, 130",41.3821371,2.1354149,38.0,"C/ VALLESPIR, 130",8014,27
196,"C/ BERLÍN, 38",41.3832609,2.1392662,38.0,"C/ BERLÍN, 38",8029,27
197,"C/ GELABERT, 1",41.3871579,2.1410945,47.0,"C/ GELABERT, 1",8029,27
198,"C/ VALLESPIR, 194",41.3847113,2.1334379,48.0,"C/ VALLESPIR, 194",8014,27
199,"C/ MEJÍA LEQUERICA, 2",41.3819739,2.1268625,47.0,"C/ MEJÍA LEQUERICA, 2",8028,27
200,"C/ JOAN GÜELL, 174",41.3839045,2.1312876,47.0,"C/ JOAN GÜELL, 174",8028,23
201,"C/ NUMÀNCIA, 136",41.3878061,2.1344218,55.0,"C/ NUMÀNCIA, 136",8029,24
202,"C/ DE LES CORTS, 20",41.3854466,2.1288753,52.0,"C/ DE LES CORTS, 20",8028,27
203,"AV. DIAGONAL, 668",41.3887069,2.1285766,64.0,"AV. DIAGONAL, 668",8034,33
204,"AV. DIAGONAL, 672",41.3880355,2.1256248,63.0,"AV. DIAGONAL, 672",8034,33
205,"C/ EUROPA, 25",41.387561,2.1306737,57.0,"C/ EUROPA, 25",8028,33
206,"UAB - AV. DIAGONAL, 650",41.3897943,2.1328634,62.0,"UAB - AV. DIAGONAL, 650",8017,33
207,"AV. DIAGONAL, 634",41.3908477,2.136579,62.0,"AV. DIAGONAL, 634",8017,25
208,"AV. DIAGONAL, 630",41.3915195,2.1390667,59.0,"AV. DIAGONAL, 630",8017,33
209,"C/ DIPUTACIÓ, 200",41.3857425,2.1610515,23.0,"C/ DIPUTACIÓ, 200",8011,26
210,"C/ VILARDELL, 18",41.3745238,2.1422556,22.0,"C/ VILARDELL, 18",8014,31
211,"C/ SANCHO DE ÁVILA, 60-64",41.3987543,2.1902116,5.0,"C/ SANCHO DE ÁVILA, 60-64",8018,28
212,"AV. SARRIÀ, 163",41.3922355,2.1309272,75.0,"AV. SARRIÀ, 163",8017,24
213,"C/ SANTA FE DE NOU MÈXIC, 2",41.3935816,2.1345892,70.0,"C/ SANTA FE DE NOU MÈXIC, 2",8017,33
214,"C/ JOSÉ DE  AGULLÓ, 9",41.3952027,2.1334873,72.0,"C/ JOSÉ DE  AGULLÓ, 9",8017,25
215,"C/ GANDUXER, 29",41.3939378,2.1380304,65.0,"C/ GANDUXER, 29",8021,21
216,"C/ MADRAZO, 131",41.3967824,2.1445567,63.0,"C/ MADRAZO, 131",8021,27
217,"C/ RECTOR UBACH, 24",41.3985735,2.1440826,75.0,"C/ RECTOR UBACH, 24",8021,27
218,"C/ CONSELL DE CENT, 566",41.4040364,2.183145,17.0,"C/ CONSELL DE CENT, 566",8013,39
219,"C/ LAFORJA, 74-76",41.3976165,2.1471724,67.0,"C/ LAFORJA, 74-76",8021,23
220,"C/ TUSET, 19",41.3960982,2.1513154,53.0,"C/ TUSET, 19",8006,27
221,"GRAN DE GRÀCIA, 155 (METRO FONTANA)",41.4025392,2.1524704,68.0,"GRAN DE GRÀCIA, 155 (METRO FONTANA)",8012,24
222,"C/ DEL CANÓ, 1",41.4013296,2.1574439,58.0,"C/ DEL CANÓ, 1",8012,27
223,"C/ DE BONAVISTA, 14",41.3983444,2.1598243,48.0,"C/ DE BONAVISTA, 14",8012,36
224,"C / GIRONA, 176",41.3999967,2.1644531,40.0,"C / GIRONA, 176",8037,26
225,"C/ VILADOMAT, 200",41.384810211467105,2.1508071246452154,28.0,"C/ VILADOMAT, 200",8029,25
226,"C/ MONTMANY, 1",41.4035608,2.1609345,52.0,"C/ MONTMANY, 1",8012,27
227,"C/ DEL TORRENT DE LES FLORS, 102",41.4078456,2.1586704,69.0,"C/ DEL TORRENT DE LES FLORS, 102",8024,18
228,"PL. DEL NORD, 5",41.4068417,2.1558354,73.0,"PL. DEL NORD, 5",8024,21
229,"C/ DE LA SANTACREU, 2 (PL.DE LA VIRREIN",41.4050968,2.1569161,68.0,"C/ DE LA SANTACREU, 2 (PL.DE LA VIRREINA)",8024,28
230,"C/ DE NIL FABRA, 16-20",41.4059356,2.1517977,80.0,"C/ DE NIL FABRA, 16-20",8012,26
231,"C/ PAU ALSINA, 54",41.4092005,2.16400285,65.0,"C/ PAU ALSINA, 54",8025,24
232,"C/ MATA, 2",41.3732903,2.1710273,7.0,"C/ MATA, 2",8004,27
233,"C/ NOU DE LA RAMBLA, 164",41.3719688,2.1667829,21.0,"C/ NOU DE LA RAMBLA, 164",8004,27
234,"PG. DE L´EXPOSICIÓ, 38 /BLASCO GARAY",41.371532,2.162203,31.0,"PG. DE L´EXPOSICIÓ, 38 /BLASCO GARAY",8004,27
235,"AV. PARAL.LEL, 98",41.3751767,2.1658972,10.0,"AV. PARAL.LEL, 98",8015,21
236,"AV. PARAL.LEL, 194",41.3751161,2.1523091,24.0,"AV. PARAL.LEL, 194",8015,26
237,"C/ RIUS I TAULET, 4",41.3727426,2.1539198,33.0,"C/ RIUS I TAULET, 4",8004,27
238,"C/ ESPRONCEDA, 298",41.4158807,2.1908473,16.0,"C/ ESPRONCEDA, 298",8027,27
239,"C/ INDÚSTRIA, 329",41.4172922,2.1844769,31.0,"C/ INDÚSTRIA, 329",8027,35
240,"C/ JOSEP ESTIVILL, 32",41.4175595,2.1877153,23.0,"C/ JOSEP ESTIVILL, 32",8027,27
241,"C/ TEODOR LLORENTE, 1",41.419178,2.18018,44.0,"C/ TEODOR LLORENTE, 1",8041,33
242,"C/ RAMON ALBÓ, 1",41.4244527,2.1773157,56.0,"C/ RAMON ALBÓ, 1",8027,27
243,"C/ ALEXANDRE GALÍ, 1-5",41.4239719,2.1812399,42.0,"C/ ALEXANDRE GALÍ, 1-5",8027,26
244,"C/ FELIP II, 214",41.426925,2.1786224,44.0,"C/ FELIP II, 214",8027,27
245,"LA RAMBLA, 101",41.3826647,2.1717083,10.0,"LA RAMBLA, 101",8002,27
246,"Westfield La Maquinista - C/ GARCILASO, 77",41.4228449,2.1866363,30.0,"Westfield La Maquinista  - C/ GARCILASO, 77",8027,18
247,"C/ FELIPE II, 112",41.4219291,2.1849107,32.0,"C/ FELIPE II, 112",8027,32
248,"C/ PALÈNCIA, 31",41.4182129,2.1904005,18.0,"C/ PALÈNCIA, 31",8027,26
249,"C/ ANTILLES, 8",41.4250835,2.1872818,21.0,"C/ ANTILLES, 8",8027,27
250,"C/ PORTUGAL, 3",41.4258248,2.191206,25.0,"C/ PORTUGAL, 3",8027,27
251,"C/ CARDENAL TEDESCHINI, 13",41.4253643,2.1852073,35.0,"C/ CARDENAL TEDESCHINI, 13",8027,33
252,"RAMBLA DE L'ONZE DE SETEMBRE, 31",41.4298991,2.1932159,24.0,"RAMBLA DE L'ONZE DE SETEMBRE, 31",8030,33
253,"C/ ONZE DE SETEMBRE, 37-39",41.4298614,2.1922011,25.0,"C/ ONZE DE SETEMBRE, 37-39",8030,27
254,"RAMBLA DE L'ONZE DE SETEMBRE, 69",41.4299999,2.190246,26.0,"RAMBLA DE L'ONZE DE SETEMBRE, 69",8030,26
255,"C/ IRLANDA, 34",41.4315,2.18579,30.0,"C/ IRLANDA, 34",8030,15
256,"C/ MALATS, 28-30",41.4361251,2.1894423,25.0,"C/ MALATS, 28-30",8030,31
257,"C/ SANT ADRIÀ, 2-8",41.433934,2.1896502,27.0,"C/ SANT ADRIÀ, 2-8",8030,24
258,"C/ FERNANDO PESSOA, 45",41.4425034,2.1929677,23.0,"C/ FERNANDO PESSOA, 45",8030,26
259,"C/ DE BARTRINA, 14",41.4391174,2.1858025,34.0,"C/ DE BARTRINA, 14",8030,24
260,"CARRER DEL CINCA, 7",41.4356895,2.1920873,22.0,"CARRER DEL CINCA, 7",8030,27
261,"C/ VILLARROEL, 39",41.3821314,2.1606534,17.0,"C/ VILLARROEL, 39",8011,32
262,"C/ ENTENÇA, 70",41.3790954665734,2.1516210083711993,21.0,"C/ ENTENÇA, 70",8015,24
263,"PG. TORRAS I BAGES, 29",41.4378773,2.1910691,23.0,"PG. TORRAS I BAGES, 29",8030,20
264,"C/REPÚBLICA DOMINICANA,25(CENTRE COMERC",41.439929,2.1970692,20.0,"C/REPÚBLICA DOMINICANA,25(CENTRE COMERCIAL)",8030,33
265,"C/ CASANOVA, 55",41.3847738,2.1592566,23.0,"C/ CASANOVA, 55",8011,27
266,"C/ CONCEPCIÓ ARENAL, 176",41.4268952,2.1842572,37.0,"C/ CONCEPCIÓ ARENAL, 176",8027,26
267,"PG. TORRAS I BAGES, 129",41.4433647,2.1906302,29.0,"PG. TORRAS I BAGES, 129",8030,24
268,"C/ FERNANDO PESSOA, 72",41.4457195,2.1929816,26.0,"C/ FERNANDO PESSOA, 72",8030,27
269,"VIA BARCINO, 121",41.448152,2.19294,26.0,"VIA BARCINO, 121",8033,20
270,"CRTA. DE RIBES, 77 (TRINITAT VELLA)",41.4486328,2.1898372,35.0,"270 - CRTA. DE RIBES, 77 (TRINITAT VELLA)",8033,27
271,"VIA BARCINO, 69",41.4506081,2.1923629,28.0,"VIA BARCINO, 69",8033,20
272,"C/ CONCEPCIÓ ARENAL, 281",41.4325013,2.1842021,32.0,"C/ CONCEPCIÓ ARENAL, 281",8033,27
273,"Westfield La Maquinista -  AV. MERIDIANA, 404",41.4304126,2.1834174,38.0,"Westfield La Maquinista -  AV. MERIDIANA, 404",8030,36
274,"RAMBLA FABRA I PUIG, 67",41.4299201,2.1849813,33.0,"RAMBLA FABRA I PUIG, 67",8030,32
275,"AV. RIO DE JANEIRO, 3",41.43068,2.1821802,38.0,"AV. RIO DE JANEIRO, 3",8016,32
276,PLAÇA ALFONS X EL SAVI / RONDA DEL GUIN,41.4121345,2.1652216,88.0,PLAÇA ALFONS X EL SAVI / RONDA DEL GUINARDO,8024,27
277,"TRAVESSERA DE GRÀCIA, 328",41.4082107,2.1689962,60.0,"TRAVESSERA DE GRÀCIA, 328",8025,27
278,"TRAVESSERA DE GRÀCIA, 368",41.4098842,2.1715285,59.0,"TRAVESSERA DE GRÀCIA, 368",8025,27
279,"C/ MAS CASANOVAS, 137",41.4158995,2.1745567,75.0,"C/ MAS CASANOVAS, 137",8041,27
280,"C/ SANT ANTONI Mª CLARET, 290-296",41.4138664,2.1777274,49.0,"C/ SANT ANTONI Mª CLARET, 290-296",8041,27
281,"C/ D'ESCORNALBOU, 51",41.4180789,2.1763994,74.0,"C/ D'ESCORNALBOU, 51",8041,24
282,"PG. FONT D´EN- FARGAS, 1",41.4275514,2.1659881,75.0,"PG. FONT D´EN- FARGAS, 1",8031,27
283,"C/ FULTON, 1",41.4297231,2.1617032,76.0,"C/ FULTON, 1",8032,20
284,"AV. DIAGONAL, 652",41.389462,2.1314948,63.0,"AV. DIAGONAL, 652",8034,27
285,"C/ MALATS, 98-100",41.4366708,2.186105,35.0,"C/ MALATS, 98-100",8030,15
286,"C/ BOLÍVIA, 76",41.4030225,2.1913538,7.0,"C/ BOLÍVIA, 76",8018,18
287,"GRAN VIA DE LES CORTS CATALANES, 632",41.3890626,2.1679313,22.0,"GRAN VIA DE LES CORTS CATALANES, 632",8007,15
288,PL. VIRREI AMAT,41.4296439,2.174444,55.0,PL. VIRREI AMAT,8016,32
289,"C/ MÚRCIA, 64",41.4166982,2.1909952,17.0,"C/ MÚRCIA, 64",8027,27
290,"PL. DELS JARDINS D'ALFÀBIA, 1",41.4373376,2.1740962,66.0,"PL. DELS JARDINS D'ALFÀBIA, 1",8016,17
291,"C/ CUBELLES, 2",41.426078,2.1751572,57.0,"C/ CUBELLES, 2",8031,27
292,"C/ AMILCAR, 1",41.4300161,2.1720191,61.0,"C/ AMILCAR, 1",8031,12
293,"C/ GRANOLLERS, 1",41.4283127,2.1629889,78.0,"C/ GRANOLLERS, 1",8032,24
294,SEU DEL DISTRICTE (NOU BARRIS),41.4363473,2.1706752,72.0,SEU DEL DISTRICTE (NOU BARRIS),8042,24
295,"C/ SANT ISCLE, 60",41.433384,2.1716309,61.0,"C/ SANT ISCLE, 60",8031,27
296,"C/ DE ROSSELLÓ I PORCEL, 1/AV.MERIDIANA",41.4364887,2.1841014,41.0,"C/ DE ROSSELLÓ I PORCEL, 1/AV.MERIDIANA",8016,33
297,"C/ TURÓ BLAU, 1-3",41.4388223,2.1767828,62.0,"C/ TURÓ BLAU, 1-3",8016,24
298,"C/ ANDREU NIN, 22",41.4347233,2.1817718,41.0,"C/ ANDREU NIN, 22",8016,33
299,"C/ DE L'ESCULTOR ORDÓÑEZ, 55",41.4340849,2.1748267,53.0,"C/ DE L'ESCULTOR ORDÓÑEZ, 55",8016,27
300,"C/ DE MALADETA, 1",41.4315843,2.1769107,44.0,"C/ DE MALADETA, 1",8016,18
301,"C/ MARIE CURIE, 8-14",41.4366871,2.1693134,73.0,"C/ MARIE CURIE, 8-14",8042,27
302,"SEIDOR-C/ CAVALLERS, 41",41.3906352,2.111541,111.0,"SEIDOR-C/ CAVALLERS, 41",8034,32
303,"SEIDOR-C/ CAVALLERS, 67",41.3934324,2.115107,101.0,"SEIDOR-C/ CAVALLERS, 67",8034,27
304,"SEIDOR-PG. MANUEL GIRONA, 7",41.39038,2.121,78.0,"SEIDOR-PG. MANUEL GIRONA, 7",8034,27
305,"SEIDOR-AV. DIAGONAL, 680",41.3875297,2.1237141,65.0,"SEIDOR-AV. DIAGONAL, 680",8034,27
306,"C/ DOCTOR SALVADOR CARDENAL, 1-5",41.3853868,2.122893,60.0,"C/ DOCTOR SALVADOR CARDENAL, 1-5",8028,31
307,C/ PINTOR RIBALTA / AV. XILE,41.3791986,2.1135824,60.0,C/ PINTOR RIBALTA / AV. XILE,8028,32
308,"C/ CARDENAL REIG, 11",41.37684,2.114029,54.0,"C/ CARDENAL REIG, 11",8028,27
309,"C/ SANT RAMON NONAT,  26",41.3770199,2.1169828,50.0,"C/ SANT RAMON NONAT,  26",8028,22
310,C/ JOSEP SAMITIER / JOAN XXIII,41.3812111,2.1190863,46.0,C/ JOSEP SAMITIER / JOAN XXIII,8028,27
311,"C/ GALLEGO, 2",41.3785631,2.1202487,43.0,"C/ GALLEGO, 2",8028,24
312,"C/ ARIZALA, 77",41.3789061,2.1233038,40.0,"C/ ARIZALA, 77",8028,36
313,"C/ FELIU DE CASANOVA, 1",41.3754188,2.1297823,28.0,"C/ FELIU DE CASANOVA, 1",8028,29
314,"RAMBLA DEL BRASIL, 44",41.3783067,2.1297303,35.0,"RAMBLA DEL BRASIL, 44",8028,24
315,"C/ DEL GUINARDÓ, 32-38",41.4156285,2.1817876,38.0,"C/ DEL GUINARDÓ, 32-38",8041,27
316,"C/ CANTÀBRIA, 55",41.4224015,2.198071,9.0,"C/ CANTÀBRIA, 55",8020,26
317,"RAMBLA DE PRIM, 256",41.4256626,2.2008632,11.0,"RAMBLA DE PRIM, 256",8020,15
318,"C/ CASTILLEJOS, 388",41.412427,2.170592,77.0,"C/ CASTILLEJOS, 388",8025,32
319,"C/ SAGUÉS, 1",41.3937414,2.1455022,51.0,"C/ SAGUÉS, 1",8021,31
320,"C/ MADRAZO, 39",41.400305,2.149144,67.0,"C/ MADRAZO, 39",8006,27
321,"C/ SANT HERMENEGILD, 30",41.4031529,2.1445843,79.0,"C/ SANT HERMENEGILD, 30",8006,27
322,"C/ SANTALÓ, 165",41.4009,2.13892,106.0,"C/ SANTALÓ, 165",8021,24
323,"C/ VALLMAJOR, 13",41.3981616,2.1386719,88.0,"C/ VALLMAJOR, 13",8021,27
324,"C/ REINA VICTORIA, 31",41.3969455,2.136346,80.0,"C/ REINA VICTORIA, 31",8021,27
325,"C/ ALT DE GIRONELLA, 13",41.3949601,2.1302775,82.0,"C/ ALT DE GIRONELLA, 13",8017,23
326,"C/ BALMES, 409",41.4074131,2.1381069,111.0,"C/ BALMES, 409",8022,32
327,"C/ REUS, 23",41.4050074,2.134603,114.0,"C/ REUS, 23",8022,24
328,"C/ ARTESA DE SEGRE, 2",41.402988,2.1344691,106.0,"C/ ARTESA DE SEGRE, 2",8022,27
329,"C/ DE LES ESCOLES PIES, 99",41.4029965,2.1283866,121.0,"C/ DE LES ESCOLES PIES, 99",8017,27
330,"C/ PAU ALCOVER, 94",41.401883,2.131524,108.0,"C/ PAU ALCOVER, 94",8017,27
331,"C/ CASTELLNOU, 65",41.3970497,2.1279409,95.0,"C/ CASTELLNOU, 65",8017,31
332,"C/ DOCTOR ROUX, 86",41.3998981,2.1281922,104.0,"C/ DOCTOR ROUX, 86",8017,27
333,"PASSATGE DE SENILLOSA, 3-5",41.3954723,2.1250451,94.0,"PASSATGE DE SENILLOSA, 3-5",8034,27
334,"PG. BONANOVA, 100",41.400793,2.122889,117.0,"PG. BONANOVA, 100",8017,26
335,"C/ SANTA AMÈLIA, 2",41.3935355,2.1231228,92.0,"C/ SANTA AMÈLIA, 2",8034,27
336,"C/ CAPONATA, 20",41.3953855,2.1210928,101.0,"C/ CAPONATA, 20",8034,27
337,"C/ CARME KARR, 12-14",41.3986238,2.1204941,117.0,"C/ CARME KARR, 12-14",8034,23
338,"AV. JOSEP VICENÇ FOIX, 63",41.3977227,2.1194557,111.0,"AV. JOSEP VICENÇ FOIX, 63",8034,36
339,"C/ RAMON TURRÓ, 246",41.4017084,2.2053803,2.0,"C/ RAMON TURRÓ, 246",8005,27
340,"C/ SANT ADRIÀ, 113",41.4361782,2.2047037,13.0,"C/ SANT ADRIÀ, 113",8030,24
341,"PG. D'ENRIC SANCHIS, 33",41.4339212,2.2062245,11.0,"PG. D'ENRIC SANCHIS, 33",8030,27
342,"C/ ROC BORONAT, 134",41.4034967,2.1936584,5.0,"C/ ROC BORONAT, 134",8018,31
343,CAMPANA DE LA MAQUINISTA (SAO PAULO I P,41.4389609,2.1996179,14.0,CAMPANA DE LA MAQUINISTA (SAO PAULO I PL. DE,8030,27
344,"C/ CIUTAT D'ASUNCIÓN, 73 / POTOSÍ",41.4431441,2.1996045,16.0,"C/ CIUTAT D'ASUNCIÓN, 73 / POTOSÍ",8030,27
345,PL. TERESA DE CLARAMUNT/C/ DELS FERROCA,41.3631066,2.1398322,10.0,PL. TERESA DE CLARAMUNT/C/ DELS FERROCARILS,8038,32
346,"PG. ZONA FRANCA, 182",41.360798,2.138931,8.0,"PG. ZONA FRANCA, 182",8038,36
347,"C/ ALTS FORNS, 77",41.3595484,2.1417765,9.0,"C/ ALTS FORNS, 77",8038,32
348,JARDINS DE CAN FERRERO/PG.DE LA ZONA FR,41.357067,2.141563,7.0,JARDINS DE CAN FERRERO/PG.DE LA ZONA FRANCA,8038,33
349,"C/ DE L'ENERGIA, 2 / ALTS FORNS",41.3573288,2.1371996,7.0,"C/ DE L'ENERGIA, 2 / ALTS FORNS",8038,33
350,"C/ VILLARROEL, 208",41.392052,2.1480223,43.0,"C/ VILLARROEL, 208",8036,31
351,"C/ JANE ADDAMS, 26/ CRTA. DEL PRAT",41.3621232,2.1356187,9.0,"C/ JANE ADDAMS, 26/ CRTA. DEL PRAT",8038,33
352,"C/RADI,10/GRAN VIA DE LES CORTS CATALA",41.363279,2.1341586,9.0,"C/RADI,10/GRAN VIA DE LES CORTS CATALANES",8038,28
353,C/ MUNNÉ  2-6,41.37541,2.1232547,34.0,C/ MUNNÉ  2-6,8028,31
354,"RAMBLA DEL BRASIL, 5",41.3759419,2.1299539,28.0,"RAMBLA DEL BRASIL, 5",8028,27
355,"C/ RIERA BLANCA, 123",41.371459,2.127854,22.0,"C/ RIERA BLANCA, 123",8028,27
356,"C/ CAMÈLIES, 73",41.4134503,2.1631012,106.0,"C/ CAMÈLIES, 73",8024,35
357,"C/ CARDENER, 59",41.4105956,2.1579897,87.0,"C/ CARDENER, 59",8024,27
358,"C/ GOMBAU, 24",41.3872437,2.1793035,5.0,"C/ GOMBAU, 24",8003,26
359,"C/ MÉNDEZ NÚÑEZ, 16",41.3900544,2.1775594,12.0,"C/ MÉNDEZ NÚÑEZ, 16",8003,26
360,"C/ BAILÉN, 62",41.3952527,2.1730023,22.0,"C/ BAILÉN, 62",8009,30
361,PG. DE COLOM (LES RAMBLES),41.37652,2.17881,5.0,PG. DE COLOM (LES RAMBLES),8039,33
362,"C/ BAILÉN, 100",41.396994,2.1706323,27.0,"C/ BAILÉN, 100",8009,32
363,"C/ BRUC, 20",41.3908381,2.1743743,16.0,"C/ BRUC, 20",8010,24
364,"PG. DE GRÀCIA, 61",41.393062,2.1633226,32.0,"PG. DE GRÀCIA, 61",8007,33
365,"C/ VILADOMAT, 244",41.3875712,2.1469336,39.0,"C/ VILADOMAT, 244",8029,31
366,"LA RAMBLA, 75",41.3811389,2.1729755,8.0,"LA RAMBLA, 75",8001,18
367,"C/ MARQUÈS DE SENTMENAT, 46",41.384972,2.1376205,44.0,"C/ MARQUÈS DE SENTMENAT, 46",8029,32
368,"C/ DIPUTACIÓ, 373",41.3968391,2.1756598,21.0,"C/ DIPUTACIÓ, 373",8013,27
369,"C/ CONSELL DE CENT, 482",41.40013,2.1780175,23.0,"C/ CONSELL DE CENT, 482",8013,27
370,"C/ SARDENYA, 326",41.4039698,2.1729061,37.0,"C/ SARDENYA, 326",8025,32
371,"C/ DELS ENAMORATS, 49",41.4040525,2.181199,19.0,"C/ DELS ENAMORATS, 49",8013,36
372,"C/ RIBES, 77",41.4001015,2.1841711,9.0,"C/ RIBES, 77",8013,27
373,"AV. PARAL.LEL, 132",41.3750995,2.1613897,13.0,"AV. PARAL.LEL, 132",8015,30
374,"PG. DE GRÀCIA, 89",41.3949729,2.1612814,37.0,"PG. DE GRÀCIA, 89",8008,33
375,WORLD TRADE CENTER,41.3720293,2.1804468,3.0,WORLD TRADE CENTER,8039,39
376,WORLD  TRADE CENTER,41.3718728,2.180302,3.0,WORLD  TRADE CENTER,8039,39
377,PL. ICTÍNEO,41.3776292,2.1836886,2.0,PL. ICTÍNEO,8039,29
378,"PL. JOAQUIM XIRAU I PALAU, 1",41.3785379,2.1767427,5.0,"PL. JOAQUIM XIRAU I PALAU, 1",8002,21
379,"AV. JOSEP TARRADELLAS, 27",41.3829333,2.1420704,35.0,"AV. JOSEP TARRADELLAS, 27",8029,21
380,"C/ DURAN I BAS, 2",41.3854094,2.1740155,11.0,"C/ DURAN I BAS, 2",8002,24
381,"C/ AGUSTÍ DURAN I SANPERE, 10",41.3816139,2.1677697,10.0,"C/ AGUSTÍ DURAN I SANPERE, 10",8001,41
382,"C/ LOPE DE VEGA, 79",41.4038902,2.2041137,3.0,"C/ LOPE DE VEGA, 79",8005,27
383,"C/ NUMÀNCIA, 2",41.381219,2.141767,32.0,"C/ NUMÀNCIA, 2",8029,24
384,"C/ VILAMARÍ, 85",41.3807072,2.1468381,28.0,"C/ VILAMARÍ, 85",8015,26
385,"C/ CASANOVA, 119",41.387888,2.1552902,30.0,"C/ CASANOVA, 119",8036,30
386,AV. PARAL.LEL 164,41.3751866,2.1568773,17.0,AV. PARAL.LEL 164,8015,18
387,"C/ NÀPOLS, 125",41.3957813,2.1787074,15.0,"C/ NÀPOLS, 125",8013,32
388,"C/ RIERA ALTA, 6",41.3806411,2.1671611,10.0,"C/ RIERA ALTA, 6",8001,35
389,RECINTE PARC DE LA CIUTADELLA,41.3873901,2.1875446,4.0,RECINTE PARC DE LA CIUTADELLA,8003,27
390,"C/ COMERÇ, 36",41.3869612,2.1820169,5.0,"C/ COMERÇ, 36",8003,25
391,"C/ GRAN DE LA SAGRERA, 74",41.4230551,2.1913753,22.0,"C/ GRAN DE LA SAGRERA, 74",8027,27
392,"C/ RAMON TURRÓ, 4",41.3905303,2.1906339,5.0,"C/ RAMON TURRÓ, 4",8005,19
393,"C/ LLACUNA, 86",41.4022657,2.1976297,3.0,"C/ LLACUNA, 86",8005,32
394,"C/ DIPUTACIÓ, 226",41.3873057,2.1631263,25.0,"C/ DIPUTACIÓ, 226",8007,27
395,"PL. CATALUNYA, 22",41.3860607,2.1702467,15.0,"PL. CATALUNYA, 22",8002,33
396,"C/ JOAN MIRÓ, 2-12",41.3890253,2.1968267,5.0,"C/ JOAN MIRÓ, 2-12",8005,32
397,AV. LITORAL (PG MARÍTIM DEL PORT OLÍMPI,41.3889129,2.1993105,6.0,AV. LITORAL (PG MARÍTIM DEL PORT OLÍMPIC),8005,27
398,PG. MARÍTIM DE LA BARCELONETA/ANDREA DÒ,41.380955,2.1934636,4.0,PG. MARÍTIM DE LA BARCELONETA/ANDREA DÒRIA,8003,35
399,"C/ PAVIA, 3",41.3734706,2.1332694,23.0,"C/ PAVIA, 3",8028,27
400,MOLL ORIENTAL,41.3694508,2.1879597,3.0,MOLL ORIENTAL,8039,44
401,PLA DE PALAU,41.382418,2.183723,4.0,PLA DE PALAU,8002,24
402,PG. DE COLOM (VIA LAIETANA),41.380628,2.1821917,4.0,PG. DE COLOM (VIA LAIETANA),8002,31
403,"C/ VALLESPIR, 49",41.3796421,2.1368202,32.0,"C/ VALLESPIR, 49",8014,22
404,"C/ JUAN GRIS, 28",41.3653426,2.1331357,11.0,"C/ JUAN GRIS, 28",8014,32
405,"C/ COMTE BORRELL, 198",41.3854003,2.1521802,28.0,"C/ COMTE BORRELL, 198",8029,26
406,"GRAN VIA DE LES CORTS CATALANES, 592",41.3863747,2.1646697,21.0,"GRAN VIA DE LES CORTS CATALANES, 592",8007,33
408,"C/ RAMON TRIAS FARGAS, 23",41.3889972,2.1923283,5.0,"C/ RAMON TRIAS FARGAS, 23",8005,39
409,"C/ JOAN D'ÀUSTRIA, 31B",41.392384,2.1925059,5.0,"C/ JOAN D'ÀUSTRIA, 31B",8005,27
410,PG.DE COLOM (LES RAMBLES),41.376433,2.17871,5.0,PG.DE COLOM (LES RAMBLES),8039,38
411,"C/ JOSEP PLA, 67",41.411381,2.2122054,4.0,"C/ JOSEP PLA, 67",8019,24
412,"PL. URQUINAONA, 3",41.3893094,2.1727457,17.0,"PL. URQUINAONA, 3",8010,27
413,"C/ BRUC, 66",41.393489,2.1707419,24.0,"C/ BRUC, 66",8009,32
414,"C/ CASP, 67",41.3937234,2.1764275,16.0,"C/ CASP, 67",8010,33
415,"RAMBLA DEL RAVAL, 13",41.3793558,2.1689592,8.0,"RAMBLA DEL RAVAL, 13",8001,25
416,"UAB - RAMBLA DEL RAVAL, 20",41.3781065,2.1696744,6.0,"UAB - RAMBLA DEL RAVAL, 20",8001,27
417,"C/ VILLAR, 2",41.4164824,2.1801094,46.0,"C/ VILLAR, 2",8041,32
418,UAB - PG. DE LLUíS COMPANYS (ARC DE TRIOMF),41.391062,2.1801142,10.0,UAB - PG. DE LLUíS COMPANYS (ARC DE TRIOMF),8018,27
419,PG. DE LLUIS COMPAYNS (ARC DE TRIOMF),41.391313,2.1808391,10.0,PG. DE LLUIS COMPANYS (ARC DE TRIOMF),8018,33
420,"GRAN VIA DE LES CORTS CATALANES, 368",41.3743329,2.1479385,24.0,"GRAN VIA DE LES CORTS CATALANES, 368",8010,27
421,"C/ VALLESPIR, 13",41.378118,2.1378667,30.0,"C/ VALLESPIR, 13",8014,25
422,"SEIDOR-C/ JORDI GIRONA, 29",41.3881175,2.1154135,82.0,"SEIDOR-C/ JORDI GIRONA, 29",8034,28
423,"C/ HONDURAS, 32-34",41.4202459,2.1894852,22.0,"C/ HONDURAS, 32-34",8027,32
424,PG. MARÍTIM DE LA BARCELONETA,41.3795862,2.1925198,7.0,PG. MARÍTIM DE LA BARCELONETA,8003,27
425,"C/ DE CERVELLÓ, 5",41.3765618,2.1748621,5.0,"C/ DE CERVELLÓ, 5",8001,24
426,"C/ DE RIBES, 59 B",41.39828,2.1830315,12.0,"C/ DE RIBES, 59 B",8013,33
427,"C/ DE SANT PAU, 119/ RONDA SANT PAU",41.3754047,2.1680021,9.0,"C/ DE SANT PAU, 119/ RONDA SANT PAU",8001,26
428,"C/ PUJADES, 103",41.3983902,2.1960799,3.0,"C/ PUJADES, 103",8005,33
430,"SEIDOR-C/ ALFAMBRA, 2 | AV. DIAGONAL",41.385641,2.113096,77.0,"SEIDOR-C/ ALFAMBRA, 2 | AV. DIAGONAL",8034,28
431,"AV. JOAN XXIII, 17",41.383467,2.122175,53.0,"AV. JOAN XXIII, 17",8028,20
432,"C/ MARTÍ I FRANQUÈS, 1",41.3847061,2.1170751,63.0,"C/ MARTÍ I FRANQUÈS, 1",8028,28
433,"SEIDOR-C/ JOHN MAYNARD KEYNES, 2 | AV. DGNAL.",41.3862258,2.1168609,70.0,"SEIDOR-C/ JOHN MAYNARD KEYNES, 2 | AV. DGNAL.",8034,42
434,"C/ ROGER, 24",41.3767538,2.1269152,34.0,"C/ ROGER, 24",8028,27
435,"AV. DOCTOR MARAÑON, 25 | C/ PAU GARGALLO",41.383585,2.112186,64.0,"AV. DOCTOR MARAÑON, 25 | C/ PAU GARGALLO",8028,28
436,"PG. ZONA FRANCA, 54",41.3545425,2.1433038,6.0,"PG. ZONA FRANCA, 54",8038,19
437,"PG. ZONA FRANCA, 9",41.3513237,2.1450958,5.0,"PG. ZONA FRANCA, 9",8038,36
438,"C/ NÀPOLS, 183",41.3981669,2.1754896,22.0,"C/ NÀPOLS, 183",8013,27
439,"RBLA. BADAL, 73 | C/ CONSTITUCIÓ",41.3685394,2.1328403,14.0,"RBLA. BADAL, 73 | C/ CONSTITUCIÓ",8014,18
440,"C/ SELVA DE MAR, 230",41.417694,2.1976864,9.0,"C/ SELVA DE MAR, 230",8020,27
441,"C/ WATT, 2",41.3754426,2.1398409,25.0,"C/ WATT, 2",8014,18
442,"C/ MINERIA, 30",41.3649272,2.138599,11.0,"C/ MINERIA, 30",8038,18
443,"C/ CASANOVA, 139",41.3887127,2.1542277,33.0,"C/ CASANOVA, 139",8036,32
444,"C/ LLEIDA, 40",41.3717304,2.1554047,33.0,"C/ LLEIDA, 40",8004,27
445,"C/ VILAMARÍ, 2",41.3755016,2.154004,21.0,"C/ VILAMARÍ, 2",8015,24
446,"PG. JOAN DE BORBÓ, 42",41.3779974,2.1884228,4.0,"PG. JOAN DE BORBÓ, 42",8003,15
447,"C/ ALMOGÀVERS, 63",41.3943033,2.1860256,10.0,"C/ ALMOGÀVERS, 63",8018,27
448,"C/ RAMÓN TURRÓ, 160",41.3972809,2.1997869,3.0,"C/ RAMÓN TURRÓ, 160",8005,26
449,"C/ BOLIVIA, 120",41.4058109,2.1949461,5.0,"C/ BOLIVIA, 120",8018,27
450,"C/ CRISTOBAL DE MOURA, 84",41.410712,2.2061691,3.0,"C/ CRISTOBAL DE MOURA, 84",8019,27
451,"C/ PALLARS, 504",41.4140598,2.2150487,4.0,"C/ PALLARS, 504",8019,24
452,"GRAN VIA DE LES CORTS CATALANES, 1157 (D)",41.4194972,2.20934,8.0,"GRAN VIA DE LES CORTS CATALANES, 1157 (D)",8020,54
454,"C/ SARDENYA, 402",41.4072349,2.1684799,56.0,"C/ SARDENYA, 402",8025,27
455,"C/ PROVENÇA, 595",41.4105848,2.1826833,27.0,"C/ PROVENÇA, 595",8026,22
456,"C/ MÚRCIA, 1",41.4143392,2.1874539,22.0,"C/ MÚRCIA, 1",8026,20
457,"C/ GRANADELLA, 10-19 | C/ SAS",41.4383117,2.2039823,12.0,"C/ GRANADELLA, 10-19 | C/ SAS",8030,18
458,"C/ TUCUMÁN, 21",41.4457962,2.2010422,17.0,"C/ TUCUMÁN, 21",8030,24
459,"PG. SANTA COLOMA, 105",41.4479402,2.1976757,24.0,"PG. SANTA COLOMA, 105",8030,39
460,"C/ MIREIA, 28",41.4513863,2.1894717,56.0,"C/ MIREIA, 28",8033,15
461,"AV. RIO DE JANEIRO, 118",41.442489,2.185727,43.0,"AV. RIO DE JANEIRO, 118",8016,28
462,"C/ PALAMÓS, 33",41.446923,2.184857,61.0,"C/ PALAMÓS, 33",8033,28
463,"C/ PEDROSA, 24",41.4490679,2.1833801,68.0,"C/ PEDROSA, 24",8033,24
464,"AV. RIO DE JANEIRO, 96",41.439692,2.182335,47.0,"AV. RIO DE JANEIRO, 96",8016,24
465,"C/ ROSSELLÓ, 261",41.3954094,2.1599427,41.0,"C/ ROSSELLÓ, 261",8008,27
466,"C/ PABLO IGLESIAS, 21",41.443387,2.1813051,63.0,"C/ PABLO IGLESIAS, 21",8016,30
467,PL. JESÚS CARRASCO,41.4450463,2.176726,93.0,PL. JESÚS CARRASCO,8042,20
468,"C/ NOU BARRIS, 23",41.4480464,2.1775154,107.0,"C/ NOU BARRIS, 23",8042,18
469,"C/ SANT FRANCESC XAVIER, 1",41.4417001,2.1781553,72.0,"C/ SANT FRANCESC XAVIER, 1",8016,12
470,"C/ GÒNGORA, 23",41.4432762,2.1746238,93.0,"C/ GÒNGORA, 23",8042,24
471,"PG. VALLDAURA, 171",41.4389014,2.1715576,78.0,"PG. VALLDAURA, 171",8042,24
472,"VIA FAVÈNCIA, 186",41.4427374,2.170393,105.0,"VIA FAVÈNCIA, 186",8042,24
473,"PG. FABRA I PUIG, 449",41.4388644,2.1657506,94.0,"PG. FABRA I PUIG, 449",8042,20
474,"VIA FAVÈNCIA, 47",41.4418604,2.1664224,102.0,"VIA FAVÈNCIA, 47",8042,24
475,"C/ CAMPO FLORIDO, 66",41.4216738,2.1799878,46.0,"C/ CAMPO FLORIDO, 66",8027,19
476,"C/ PERIODISTES, 9",41.422037,2.174401,80.0,"C/ PERIODISTES, 9",8032,18
477,"C/ AMILCAR, 78",41.4260751,2.1722534,69.0,"C/ AMILCAR, 78",8032,26
478,"C/ ESCULTOR LLIMONA, 7",41.4276076,2.1697582,65.0,"C/ ESCULTOR LLIMONA, 7",8031,30
479,"PG. FABRA I PUIG, 344",41.430623,2.1671068,73.0,"PG. FABRA I PUIG, 344",8031,18
480,"PG. FABRA I PUIG, 385",41.4333259,2.1629258,92.0,"PG. FABRA I PUIG, 385",8031,28
481,"PG. FABRA I PUIG, 411",41.4357978,2.163872,89.0,"PG. FABRA I PUIG, 411",8031,26
482,"PG. UNIVERSAL, 29 | C/ DOCTOR LETAMENDI",41.4372022,2.1620235,95.0,"PG. UNIVERSAL, 29 | C/ DOCTOR LETAMENDI",8042,23
483,"C/ LISBOA, 1",41.429561735076526,2.1589684563445877,79.0,"C/ LISBOA, 1",8032,29
484,"C/ EDUARD TODA, 33 | C/ DOCTOR LETAMENDI",41.4345997,2.1585268,104.0,"C/ EDUARD TODA, 33 | C/ DOCTOR LETAMENDI",8031,27
485,"PG. VALLDAURA, 26",41.4374904,2.1565742,121.0,"PG. VALLDAURA, 26",8031,27
486,"C/ PORTO, 35 | AV. ESTATUT DE CATALUNYA",41.4306102,2.1564551,81.0,"C/ PORTO, 35 | AV. ESTATUT DE CATALUNYA",8032,28
488,"AV. CAN MARCET, 36",41.4347859,2.147904,132.0,"AV. CAN MARCET, 36",8035,27
489,"C/ JORGE MANRIQUE, 15",41.4312335,2.1499103,119.0,"C/ JORGE MANRIQUE, 15",8035,27
490,"PG. VALL D'HEBRÓN, 168",41.4280668,2.1443777,150.0,"PG. VALL D'HEBRÓN, 168",8035,50
491,"C/ PARE MARIANA, 24",41.4306689,2.1456449,125.0,"C/ PARE MARIANA, 24",8035,27
492,PL. TETUAN,41.3943454,2.1751709,18.0,PL. TETUAN,8010,24
493,"PG. VALL D'HEBRÓN, 80",41.419965,2.1401823,166.0,"PG. VALL D'HEBRÓN, 80",8023,24
494,RAMBLA CATALUNYA/DIPUTACIO,41.3896967,2.1652199,25.0,RAMBLA CATALUNYA/DIPUTACIO,8007,24
495,"C/ DIPUTACIÓ, 22",41.377846,2.150523,24.0,"C/ DIPUTACIÓ, 22",8015,21
496,"C/ PROVENÇA,  445",41.4048623,2.174799,33.0,"C/ PROVENÇA, 445",8025,18
497,"PTGE. MALUQUER, 16",41.4095489,2.1360313,124.0,"PTGE. MALUQUER, 16",8022,27
498,"C/ ESTEVE TERRADAS, 42",41.4144967,2.1402433,145.0,"C/ ESTEVE TERRADAS, 42",8023,26
499,"AV. VALLCARCA, 196",41.4160558,2.1421504,127.0,"AV. VALLCARCA, 196",8023,27
500,"C/ ARGENTERA, 23",41.4117633,2.1453424,101.0,"C/ ARGENTERA, 23",8023,23
501,"C/ ELISA, 1",41.4052698,2.1420204,95.0,"C/ ELISA, 1",8023,16
502,"AV. VALLCARCA, 11",41.4074444,2.1492066,88.0,"AV. VALLCARCA, 11",8023,18
503,"C/ MAIGNON, 31-41",41.4095926,2.1524953,105.0,"C/ MAIGNON, 31-41",8024,30
504,"C/ MASSENS, 76",41.4092333,2.1557747,87.0,"C/ MASSENS, 76",8024,28
505,"C/ CAMÈLIES, 78",41.4145614,2.1658677,118.0,"C/ CAMÈLIES, 78",8024,27
506,"C/ GARRIGA I ROCA, 2",41.4191957,2.1718497,107.0,"C/ GARRIGA I ROCA, 2",8041,15
507,"C/ SARDENYA, 494",41.4107641,2.1640965,81.0,"C/ SARDENYA, 494",8024,24
508,"C/ SARDENYA, 465",41.4090922,2.1656378,70.0,"C/ SARDENYA, 465",8025,27
509,"C/ TORRENT DE L'OLLA, 11",41.3989713,2.1606736,46.0,"C/ TORRENT DE L'OLLA, 11",8012,32
510,"C/ GRAN DE GRÀCIA, 37",41.3989151,2.1564253,55.0,"C/ GRAN DE GRÀCIA, 37",8012,27
511,"C/ GRAN DE GRÀCIA, 91",41.4006862,2.1543317,61.0,"C/ GRAN DE GRÀCIA, 91",8012,20
512,"C/ D'ALACANT, 12",41.4000778,2.1326911,96.0,"C/ D'ALACANT, 12",8017,27
513,"VIA AUGUSTA, 317",41.399017,2.124329,111.0,"VIA AUGUSTA, 317",8017,28
514,"C/ ARAGÓ, 614",41.4095069,2.1885055,16.0,"C/ ARAGÓ, 614",8018,18
515,"C/ SANT ADRIÀ, 43",41.4352071,2.1948002,19.0,"C/ SANT ADRIÀ, 43",8030,24
516,"C/ SANT ADRIÀ, 88",41.4354601,2.2001569,15.0,"C/ SANT ADRIÀ, 88",8030,21
517,"AV. RASOS DE PEGUERA, 10",41.462095,2.178959,44.0,"AV. RASOS DE PEGUERA, 10",8033,20
518,"C/ LLOBREGÓS, 115",41.4246885,2.1570492,112.0,"C/ LLOBREGÓS, 115",8032,27
519,"C/ PEDRELL, 52",41.4246548,2.166289,110.0,"C/ PEDRELL, 52",8032,24
